<?xml version="1.0" encoding="UTF-8" ?>
<!DOCTYPE configuration
  PUBLIC "-//mybatis.org//DTD Config 3.0//EN"
  "http://mybatis.org/dtd/mybatis-3-config.dtd">
<configuration>
	<!-- Alias 설정 -->
	<typeAliases>
		<typeAlias type="com.support.client.member.vo.MemberVO"
			alias="mypage"></typeAlias>
		<typeAlias type="com.support.client.nursery.vo.NurseryVO"
			alias="nursery"></typeAlias>
		<typeAlias type="com.support.client.member.vo.MemberVO"
			alias="member"></typeAlias>
		<typeAlias type="com.support.client.payment.vo.PaymentVO"
			alias="payment"></typeAlias>
		<typeAlias type="com.support.client.member.vo.MemberSecurity"
			alias="security"></typeAlias>
		<typeAlias type="com.support.client.notice.vo.NoticeVO"
			alias="notice"></typeAlias>
		<typeAlias type="com.support.client.question.vo.QuestionVO"
			alias="question"></typeAlias>
		<typeAlias type="com.support.admin.login.vo.Ad_LoginVo" 
			alias="login" />
		<typeAlias type="com.support.admin.school.vo.SchoolVo"
			alias="school" />
		<typeAlias type="com.support.admin.notice.vo.Ad_NoticeVo"
			alias="ad_notice" />
		<typeAlias type="com.support.admin.mail.vo.SendMailVo"
			alias="email" />
		<typeAlias type="com.support.admin.member.vo.SupportVo"
			alias="support" />
		<typeAlias type="com.support.admin.question.vo.Ad_QuestionVo"
			alias="ad_question" />
		<typeAlias type="com.support.admin.statistics.vo.StatisticsVo"
			alias="statistics" />
		<typeAlias type="com.support.admin.statistics.vo.AreaChartVo"
			alias="areachart" />
	</typeAliases>
	<!-- DataSource 설정 -->
	<!-- <environments default="development"> <environment id="development"> 
		<transactionManager type="JDBC" /> <dataSource type="POOLED"> <property name="driver" 
		value="${jdbc.driverClassName}" /> <property name="url" value="${jdbc.url}" 
		/> <property name="username" value="${jdbc.username}" /> <property name="password" 
		value="${jdbc.password}" /> </dataSource> </environment> </environments> -->
	<!-- SQL Mapper 설정 -->
	<!-- <mappers> <mapper resource="mappings/payment-mapper.xml" /> </mappers> -->
</configuration>
