<?xml version="1.0" encoding="UTF-8" ?>
<!DOCTYPE mapper PUBLIC "-//mybatis.org//DTD Mapper 3.0//EN"
  "http://mybatis.org/dtd/mybatis-3-mapper.dtd">

<mapper namespace="com.support.admin.notice.dao.Ad_NoticeDao">

	<select id="noticeGetCount" resultType="int">
		select count(*) from notice
	</select>

	<select id="noticeList" resultType="ad_notice" parameterType="ad_notice">
		select * from (select n.*, row_number() over (order by 1)as num from
		notice n)
		where num between #{offset} and #{noOfRecords}
		
	</select>

	<sql id="allselect">
		select * from notice
	</sql>

	<select id="noticeSearchList" resultType="ad_notice" parameterType="ad_notice">
		select * from (select n.*, row_number() over (order by 1)as num from
		notice n)
		where num between #{offset} and #{noOfRecords}
		
		<if test="searchtype.equals('내림차순')">
			order by n_num desc
		</if>
		<if test="searchtype.equals('조회수')">
			order by n_views desc
		</if>
		
	</select>

	<select id="noticeKeywordSearch" resultType="ad_notice">
	select * from (select n.*, row_number() over (order by 1)as num from
		notice n where n_content like '%' || #{keyword} || '%' or n_title like '%' ||
		#{keyword} || '%')
		where num between #{offset} and #{noOfRecords}
	</select>

	<insert id="noticeInsert" parameterType="ad_notice">
		insert into
		notice(n_num, n_title, n_date, n_content, n_views, a_num)
		values(notice_seq.nextval, #{n_title}, sysdate, #{n_content}, 0,
		#{a_num})
	</insert>

	<select id="noticeDetail" parameterType="ad_notice" resultType="ad_notice">
		<include refid="allselect"></include>
		where n_num = #{n_num}
	</select>

	<update id="noticeUpdate" parameterType="ad_notice">
		update notice
		set n_title
		= #{n_title}, n_content = #{n_content}
		where n_num = #{n_num}
	</update>

	<delete id="noticeDelete" parameterType="ad_notice">
		delete from notice where
		n_num = #{n_num}
	</delete>
	

</mapper>
