<?xml version="1.0" encoding="UTF-8" ?>
<!DOCTYPE mapper PUBLIC "-//mybatis.org//DTD Mapper 3.0//EN"
  "http://mybatis.org/dtd/mybatis-3-mapper.dtd">

<mapper namespace="com.support.admin.question.dao.Ad_QuestionDao">
	<select id="questionList" resultType="ad_question" parameterType="login">
	<if test='keyword.equals("")'>select * from (select q.*, row_number() over (order by 1)as num from
		qna q where q_content like '%' || #{keyword} || '%')
		where num between #{offset} and #{noOfRecords}</if>
		<if test='!keyword.equals("")'>
		select * from (select q.*, row_number() over (order by 1)as num from
		qna q where not q_content like '%' || #{keyword} || '%')
		where num between #{offset} and #{noOfRecords}
		</if>
		
		order by q_num desc
	</select>
	<select id="noticeGetCount" resultType="int">
		select count(*) from qna
	</select>
	<select id="questionDetail" parameterType="ad_question" resultType="ad_question">
		select * from qna where q_num = #{q_num}
	</select>
	<update id="questionUpdate" parameterType="ad_question">
	update qna set q_title = #{q_title}, q_name = #{q_name}, q_content = #{q_content}
	where q_num = #{q_num}
	</update>
	<delete id="questionDelete" parameterType="ad_question">
	delete from qna where q_num = #{q_num}
	</delete>
	
</mapper>
