<?xml version="1.0" encoding="UTF-8" ?>
<!DOCTYPE mapper PUBLIC "-//mybatis.org//DTD Mapper 3.0//EN"
  "http://mybatis.org/dtd/mybatis-3-mapper.dtd">

<mapper namespace="com.support.admin.mail.dao.SendMailDao">

	<sql id="common">
		select s_email from sponsor
	</sql>

	<select id="sendMail" parameterType="email" resultType="email">
		<include refid="common"></include>
		<if test="m_category.equals('후원인')">
			where s_id is null
		</if>
		<if test="m_category.equals('회원')">
			where s_id is not null
		</if>
		<if test="m_category.equals('메일수신동의')">
			where s_service = '동의'
		</if>
		<if test="m_category.equals('개인후원')">
			where s_category = '개인'
		</if>
		<if test="m_category.equals('단체후원')">
			where s_category = '단체'
		</if>
		<if test="m_category.equals('기업후원')">
			where s_category = '기업'
		</if>
		<if test="m_category.equals('선택')">
			where s_email is null
		</if>
	</select>
	<select id="givemail" parameterType="int" resultType="email">
	select s_email from sponsor
	where s_num = #{s_num}
	</select>

</mapper>
