<?xml version="1.0" encoding="UTF-8"?> <!DOCTYPE mapper PUBLIC "-//mybatis.org//DTD Mapper 3.0//EN" "http://mybatis.org/dtd/mybatis-3-mapper.dtd">
<mapper namespace="com.support.client.login.dao.LoginDAO">
	 <select id="userIdSelect" parameterType="member" resultType="member">
		select userId, 
		userPw, 
		userName 
		from spring_member 
		where userId = #{userId}
	</select>
	<select id="loginSelect" parameterType="member" resultType="member"> 
	select *
	from sponsor
	where S_ID=#{s_id} and S_pw=#{s_pw}
	</select>
	<insert id="loginHistoryInsert" parameterType="member"> 
		insert into login_history( 
		idx, 
		userId, 
		retry, 
		lastFailedLogin,
		lastSuccessedLogin, 
		clientIP) 
		values( 
		login_history_seq.nextval,
		#{userId}, 
		#{retry,jdbcType=INTEGER},
		#{lastFailedLogin,jdbcType=INTEGER},
		#{lastSuccessedLogin,jdbcType=INTEGER}, 
		#{clientIP,jdbcType=VARCHAR} )
	</insert>
	
	<update id="loginHistoryUpdate" parameterType="member"> 
	update login_history 
	set retry = #{retry}, 
	lastFailedLogin = #{lastFailedLogin}, 
	lastSuccessedLogin = #{lastSuccessedLogin},
		clientIP = #{clientIP,jdbcType=VARCHAR} 
		where idx = #{idx} 
		and userId = #{userId}
	</update>
	
	<select id="loginHistorySelect" parameterType="member"
		resultType="member"> 
		select idx, 
		userId, 
		retry, 
		lastFailedLogin,
		lastSuccessedLogin, 
		clientIP 
		from login_history 
		where userId = #{userId}
	</select> 
	
	<select id="securitySelect" parameterType="member" resultType="security">
	 select * from security
        where userid = #{s_id}
	
	</select>
	<select id="findID" parameterType="member" resultType="member">
	 select *
	 from sponsor
        where
			<if test="s_category == '개인'">
			s_name = #{s_name} and
			sc_birth =#{sc_birth} and
				s_phonenum = #{s_phonenum}
			</if>
			<if test="s_category == '기업'">
				se_name =#{se_name} and
				s_name =#{s_name} and
				se_businessnum = #{se_businessnum}
			</if>
			<if test="s_category == '단체'">
			s_name = #{s_name} and
			so_name = #{so_name}
			</if>
	
	</select>
	
	<select id="setPW" parameterType="member" resultType="member">
	 select *
	 from sponsor
        where
			<if test="s_category == '개인'">
			s_id = #{s_id} and
			s_name =#{s_name} and
				s_phonenum = #{s_phonenum}
			</if>
			<if test="s_category == '기업'">
					s_id = #{s_id} and
				se_name =#{se_name} and
				se_businessnum = #{se_businessnum}
			</if>
			<if test="s_category == '단체'">
			so_name = #{so_name} and
			s_id = #{s_id} 
			</if>
	
	</select>
	
	<update id="updatePW" parameterType="member">
	update sponsor
	set s_pw =#{s_pw}
	where s_id =#{s_id}
	</update>
	
	<update id="securityUpdate" parameterType="security">
	update security
	set salt=#{salt}
	where userid=#{userId}
	</update>
</mapper> 