<?xml version="1.0" encoding="UTF-8" ?>
<!DOCTYPE mapper PUBLIC "-//mybatis.org//DTD Mapper 3.0//EN"
  "http://mybatis.org/dtd/mybatis-3-mapper.dtd">

<mapper namespace="com.support.admin.member.dao.SupportDao">
	<select id="sponsorList" parameterType="support" resultType="support">
		select * from sponsor
		<if test="categorysearch.equals('회원')">
			where s_id is not null
		</if>
		<if test="categorysearch.equals('개인')">
			where s_category = '개인'
		</if>
		<if test="categorysearch.equals('기업')">
			where s_category = '기업'
		</if>
		<if test="categorysearch.equals('단체')">
			where s_category = '단체'
		</if>
		<if test='categorysearch.equals("")'>
			order by s_num asc
		</if>
	</select>
	<select id="memberGetCount" resultType="int">
		select count(*) from
		sponsor
	</select>
</mapper>
