<?xml version="1.0" encoding="UTF-8"?>
<!DOCTYPE mapper PUBLIC "-//mybatis.org//DTD Mapper 3.0//EN"
  "http://mybatis.org/dtd/mybatis-3-mapper.dtd">


<mapper namespace="com.support.client.mypage.dao.MypageDAO">

	<!-- 회원 정보 조회 -->
	<select id="mypagedetail" resultType="mypage" parameterType="mypage">
		select s_num , sc_birth , s_name , s_phonenum , s_email , s_addr ,
		s_service, s_id
		from sponsor where s_num = #{s_num}
	</select>

	<!-- 회원 정보 수정 -->
	<update id="mypageupdate" parameterType="mypage">
		update sponsor set
		s_email =#{s_email},
		s_addr = #{s_addr},
		s_service = #{s_service},
		s_phonenum = #{s_phonenum}
		where s_num = #{s_num}
	</update>

	<!-- 아이디 비밀번호 찾기 -->
	<select id="passwordselect" parameterType="mypage" resultType="mypage">
		select s_id , s_pw from sponsor where s_num = #{s_num}
	</select>

	<!-- 암호와 코드 찾기 -->
	<select id="securityselect" parameterType="mypage" resultType="security">
		select * from security where userid = #{s_id}
	</select>

	<!-- 비밀번호 변경 -->
	<update id="passwordupdate" parameterType="mypage">
		update sponsor set
		s_pw =#{s_pw} where s_id=#{s_id}
	</update>

	<!-- 후원 정보 리스트 출력 -->
	<select id="mypagesponsor" parameterType="payment" resultType="payment">
		select * from payment where s_num = #{s_num}
	</select>

	<!-- 후원 정보 검색 리스트 출력 -->
	<select id="paymentsearch" parameterType="payment" resultType="payment">
		select * from payment where s_num = #{s_num} and p_date <![CDATA[>=]]>
		to_char(#{dateA},'yyyymmdd') and p_date    <![CDATA[<=]]>
		to_char(#{dateB},'yyyymmdd')
	</select>

	<!-- 내 문의함 이동 -->
	<select id="myquestion" parameterType="question" resultType="question">
		select q_num ,q_title , q_name,to_char(q_date,'yyyymmdd') as q_date ,q_views
		from qna where s_num = #{s_num}
	</select>

	<!-- 후원 활동 증명서 폼 이동 -->
	<select id="certificate" parameterType="payment" resultType="payment">
		select s.s_num , s.s_name , s.s_addr ,min(p.p_date) as
		datea ,
		max(p.p_date) as dateb , nvl(sum(p.p_amount),0)as p_amountsum
		from
		sponsor s , payment p where s.s_num= #{s_num} group by s.s_num,
		s.s_name, s.s_addr
	</select>

</mapper> 