<?xml version="1.0" encoding="UTF-8" ?>
<!DOCTYPE mapper PUBLIC "-//mybatis.org//DTD Mapper 3.0//EN" "http://mybatis.org/dtd/mybatis-3-mapper.dtd">

<mapper namespace="com.support.client.notice.dao.NoticeDao">
	<sql id="noticeCommon">
		SELECT n_num,n_title,n_content,n_views,a_num,n_date
		FROM NOTICE
		<where>
			<if test="search =='n_title'">
			<![CDATA[ n_title LIKE '%'|| #{keyword}||'%']]>
			</if>
			<if test="search =='n_content'">
			<![CDATA[ n_content LIKE '%'|| #{keyword}||'%']]>
			</if>
		</where>
	</sql>

	<!-- 공지사항 기본 조회 -->
	<select id="noticeList" parameterType="notice" resultType="notice">
		SELECT n_num,n_title,n_content,n_views,a_num,
		TO_CHAR( n_date,'YYYY-MM-DD HH24:MI:SS')AS n_date
		
		FROM
		( SELECT list.*,ROWNUM AS RNUM
		FROM(
		<include refid="noticeCommon"></include>
		ORDER BY n_num desc
		)list
		)
		<where>
			<if test="start_row != null and start_row !=''">
				<if test="end_row != null and end_row !=''">
					RNUM BETWEEN #{start_row} AND #{end_row}
				</if>
			</if>
		</where>

	</select>
	
	<!-- 게시물 전체 개수 -->
	<select id="noticeListCnt" parameterType="notice" resultType="int">
	SELECT NVL(count(1),0)FROM
	(SELECT list.*,ROWNUM AS RNUM
	FROM(
	<include refid="noticeCommon"></include>
	ORDER BY n_num desc
	)list
	)
	</select>

	<!-- 상세 페이지를 위한 공지사항 조회 -->
	<select id="noticeDetail" parameterType="int" resultType="notice">
		SELECT *
		FROM NOTICE
		WHERE N_NUM = #{n_num}
	</select>
	
	<!-- 질문 조회수 증가 -->
	<update id="noticeViewsUP" parameterType="question" >
		UPDATE notice
		SET
		N_VIEWS=#{n_views}
		
		WHERE
		n_num = #{n_num}
	</update>

 	<!-- 조회수 증가
	<update id="updateViewsUP" parameterType="String">
	UPDATE NOTICE
	SET n_views=n_views+1
	where N_NUM =#{n_num}
	</update>
 -->
</mapper>
