<?xml version="1.0" encoding="UTF-8" ?>
<!DOCTYPE mapper PUBLIC "-//mybatis.org//DTD Mapper 3.0//EN"
  "http://mybatis.org/dtd/mybatis-3-mapper.dtd">

<mapper namespace="com.support.client.question.dao.QuestionDao">




	<!-- 게시물 기본 조회 -->
	<sql id="questionCommon">
		SELECT *
		FROM QNA
		<where>
			<if test="search =='q_title'">
			<![CDATA[ q_title LIKE '%'|| #{keyword}||'%']]>
			</if>
			<if test="search =='q_content'">
			<![CDATA[ q_content LIKE '%'|| #{keyword}||'%']]>
			</if>
		</where>
	</sql>

	<!-- 질문 기본 조회 -->
	<select id="questionList" parameterType="question" resultType="question">
		SELECT *
		FROM
		(Select list.*,ROWNUM AS RNUM
		FROM(
		<include refid="questionCommon"></include>
		order by q_date DESC
		)list
		)
		<where>
			<if test="start_row != null and start_row !=''">
				<if test="end_row != null and end_row !=''">
				RNUM BETWEEN #{start_row} AND #{end_row}
				</if>
			</if>
		</where>

	</select>
	
	<!-- 게시물 전체 개수 -->
	<select id="questionListCnt" parameterType="question" resultType="int">
	SELECT NVL(count(1),0)FROM
	(Select list.*,ROWNUM AS RNUM
		FROM(
		<include refid="questionCommon"></include>
		order by q_date DESC
		)list
		)
	</select>
	
	<!-- 상세 페이지를 위한 질문 조회 -->
	<select id="questionDetail" parameterType="int" resultType="question">
		SELECT *
		FROM Qna
		WHERE Q_NUM = #{q_num}
	</select>
	
	<!-- 질문 조회수 증가 -->
	<update id="questionViewsUP" parameterType="question" >
		UPDATE qna
		SET
		Q_VIEWS=#{q_views}
		
		WHERE
		q_num = #{q_num}
	</update>

	<!-- 질문 등록 -->
	<insert id="questionInsert" parameterType="question">
		<selectKey keyProperty="q_num" resultType="int" order="BEFORE">
		select qna_seq.nextval from dual
		</selectKey>
		INSERT INTO qna (q_num, q_title, q_name,q_date,q_views,q_content,s_num)
		VALUES(#{q_num},#{q_title},#{q_name},sysdate,#{q_views},#{q_content},#{s_num})
	</insert>

	<!-- 질문 수정 -->
	<update id="questionUpdate" parameterType="question">
		UPDATE qna
		SET
		q_title=#{q_title},
		q_content=#{q_content}
		
		WHERE
		q_num = #{q_num}
	</update>

</mapper>
