<?xml version="1.0" encoding="UTF-8" ?>
<!DOCTYPE mapper PUBLIC "-//mybatis.org//DTD Mapper 3.0//EN"
  "http://mybatis.org/dtd/mybatis-3-mapper.dtd">

<mapper namespace="com.support.admin.school.dao.SchoolDao">
	<insert id="schoolInsert" parameterType="school">
		insert into information(i_num, i_name, i_officenum, i_content, i_owner,
		i_facilitiestel
		, i_max, i_children, i_addr, i_bank, i_account, i_file_paramorma,
		i_file_addr
		, i_file_inside_a, i_file_inside_b, i_file_inside_c)
		values(information_seq.nextval, #{i_name}, #{i_officenum},
		#{i_content}, #{i_owner}, #{i_facilitiestel}, #{i_max},
		#{i_children}, #{i_addr}, #{i_bank}, #{i_account}, #{i_file_paramorma},
		#{i_file_addr}, #{i_file_inside_a}, #{i_file_inside_b},
		#{i_file_inside_c})
	</insert>
	<select id="schoolInfomation" parameterType="school" resultType="school">
	select * from information
	</select>
	<select id="schoolSelectOne" parameterType="school" resultType="school">
	select * from information where i_num = #{i_num}
	</select>
	<delete id="schoolDelete" parameterType="school">
	delete from information where i_num = #{i_num}
	</delete>
	<update id="schoolUpdate" parameterType="school">
	update information set i_name = #{i_name}, i_officenum = #{i_officenum},
	i_content = #{i_content}, i_owner = #{i_owner}, i_facilitiestel = #{i_facilitiestel}
	, i_max = #{i_max}, i_children = #{i_children}, i_addr = #{i_addr}, i_bank = #{i_bank}
	, i_account = #{i_account}, i_file_paramorma = #{i_file_paramorma}
	, i_file_addr = #{i_file_addr}, i_file_inside_a = #{i_file_inside_a}
	, i_file_inside_b  = #{i_file_inside_b}, i_file_inside_c = #{i_file_inside_c} where i_num = #{i_num}
	</update>
</mapper>
