<?xml version="1.0" encoding="UTF-8" ?>
<!DOCTYPE mapper PUBLIC "-//mybatis.org//DTD Mapper 3.0//EN"
  "http://mybatis.org/dtd/mybatis-3-mapper.dtd">

<mapper namespace="com.support.client.member.dao.MemberDAO">
	<!-- 등록 -->
	<insert id="memberInsert" parameterType="member">
		INSERT INTO sponsor
		(s_num ,sc_birth ,sc_gender ,so_name ,se_name ,se_businessnum
		,s_name
		,s_phonenum,s_email,s_addr,s_service,s_servey,s_agreement,s_id ,s_pw
		,s_category )
		VALUES(sponsor_seq.nextval,#{sc_birth},#{sc_gender},#{so_name},#{se_name},#{se_businessnum},
		#{s_name},#{s_phonenum},#{s_email},#{s_addr},#{s_service},#{s_servey},#{s_agreement},#{s_id},
		#{s_pw},#{s_category})
	</insert>
	<!-- 후원인 조회 -->
	<select id="memberDetail" parameterType="member" resultType="member">
		SELECT *
		FROM sponsor
		<where>
			<!-- <if test="s_name != ''"> S_NAME = #{s_name} and SC_BIRTH = #{sc_birth} 
				and </if> -->
			<if test="s_category == '개인'">
				s_phonenum = #{s_phonenum}
			</if>
			<if test="s_category == '기업'">
				se_businessnum = #{se_businessnum}
			</if>
			<if test="s_category == '단체'">
				s_phonenum = #{s_phonenum}
			</if>
		</where>
	</select>
	<select id="memberAsk" parameterType="member" resultType="member">
		SELECT *
		FROM sponsor
		<where>
			<if test="s_category == '개인'">
				SC_BIRTH = #{sc_birth} and
				s_phonenum = #{s_phonenum}
			</if>
			<if test="s_category == '기업'">
				SE_NAME = #{se_name} and 
				se_businessnum = #{se_businessnum}
			</if>
			<if test="s_category == '단체'">
				SO_NAME = #{so_name} and
				s_phonenum = #{s_phonenum}
			</if>
		</where>
	</select>
	<select id="memberSearchNum" parameterType="member" resultType="member">
		SELECT *
		FROM sponsor
		WHERE S_NUM = #{s_num}
	</select>

	<update id="memberUpdate" parameterType="member">
		update sponsor
		set
		S_ID =
		#{s_id},S_PW = #{s_pw},S_EMAIL = #{s_email}, S_ADDR = #{s_addr},
		S_SERVICE = #{s_service}
		WHERE S_NUM =
		#{s_num}
	</update>
	<select id="memberSearchID" parameterType="member" resultType="security">
		select userid, salt from security
		where userid=#{s_id}
	</select>
	<insert id="securityInsert" parameterType="security">
		insert into
		security(userid, salt)
		values(#{userId}, #{salt})
	</insert>
	<select id="memberidcofirm" parameterType="member" resultType="member">
		select S_ID from SPONSOR
		where S_ID=#{s_id}
	</select>

	<!-- <resultMap type="#modelname" id="YourResultSet"> <id property="param1" 
		column="columnname1" /> <result property="param2" column="columnname2" /> 
		<result property="param3" column="columnname3" /> </resultMap> -->


</mapper>