<?xml version="1.0" encoding="UTF-8" ?>
<!DOCTYPE mapper PUBLIC "-//mybatis.org//DTD Mapper 3.0//EN"
  "http://mybatis.org/dtd/mybatis-3-mapper.dtd">

<mapper namespace="com.support.admin.statistics.dao.StatisticsDao">
	<select id="totalMoney" resultType="statistics">
		select sum(p_amount) as
		totalmoney from payment
	</select>
	<select id="todayMoney" resultType="statistics">
		select sum(p_amount) as
		todaymoney from payment where to_char(p_date,
		'YYYY-MM-DD') =
		to_char(sysdate, 'YYYY-MM-DD')
	</select>
	<select id="indivcount" resultType="statistics">
		select count(s_category)as
		individualcount from sponsor where s_category = '개인'
	</select>
	<select id="comcount" resultType="statistics">
		select count(s_category)as
		companycount from sponsor where s_category = '기업'
	</select>
	<select id="groupcount" resultType="statistics">
		select count(s_category)as
		groupcount from sponsor where s_category = '단체'
	</select>
	<select id="monthMoney" resultType="statistics">
		select sum(p_amount)
		monthmoney from payment where to_char(p_date, 'MM') =
		to_char(sysdate,'MM')
	</select>

	<select id="getdays" resultType="areachart">
		select
		to_char(sysdate, 'MM-DD')today,
		to_char(sysdate-1, 'MM-DD')minusone,
		to_char(sysdate-2,
		'MM-DD')minustwo,
		to_char(sysdate-3, 'MM-DD')minusthree,
		to_char(sysdate-4, 'MM-DD')minusfour,
		to_char(sysdate-5,
		'MM-DD')minusfive,
		to_char(sysdate-6, 'MM-DD')minussix
		from payment
		group by sysdate
	</select>
	<select id="indivmoney" resultType="areachart">
		select nvl(sum(p_amount),0)money
		from payment
		where to_date(p_date) = to_date(sysdate, 'YY-MM-DD') union all
		select nvl(sum(p_amount),0)
		from payment
		where to_date(p_date) = to_date(sysdate -1, 'YY-MM-DD') union all
		select nvl(sum(p_amount),0)
		from payment
		where to_date(p_date) = to_date(sysdate -2, 'YY-MM-DD') union all
		select nvl(sum(p_amount),0)
		from payment
		where to_date(p_date) = to_date(sysdate -3, 'YY-MM-DD') union all
		select nvl(sum(p_amount),0)
		from payment
		where to_date(p_date) = to_date(sysdate -4, 'YY-MM-DD') union all
		select nvl(sum(p_amount),0)
		from payment
		where to_date(p_date) = to_date(sysdate -5, 'YY-MM-DD') union all
		select nvl(sum(p_amount),0)
		from payment
		where to_date(p_date) = to_date(sysdate -6, 'YY-MM-DD')
	</select>
</mapper>
